{
  "fetchTime": "2025-05-22T06:42:02.512Z",
  "stocks": [
    {
      "symbol": "NIFTY 50",
      "open": 24733.95,
      "dayHigh": 24737.5,
      "dayLow": 24541.6,
      "lastPrice": 24577.75,
      "previousClose": 24813.45,
      "change": -235.70000000000073,
      "pChange": -0.95,
      "totalTradedVolume": 186106672,
      "totalTradedValue": 131817163365.71,
      "lastUpdateTime": "22-May-2025 12:11:21",
      "yearHigh": 26277.35,
      "yearLow": 21281.45,
      "perChange365d": 10.14,
      "date365dAgo": "21-May-2024",
      "date30dAgo": "21-Apr-2025",
      "perChange30d": 2.85,
      "timestamp": "2025-05-22T06:42:02.512Z"
    },
    {
      "symbol": "TATASTEEL",
      "open": 160.98,
      "dayHigh": 163.49,
      "dayLow": 160.36,
      "lastPrice": 163.17,
      "previousClose": 161.64,
      "change": 1.53,
      "pChange": 0.95,
      "totalTradedVolume": 28298004,
      "totalTradedValue": 4599557570.16,
      "lastUpdateTime": "N/A",
      "yearHigh": 184.6,
      "yearLow": 122.62,
      "perChange365d": -7.29,
      "date365dAgo": "21-May-2024",
      "date30dAgo": "21-Apr-2025",
      "perChange30d": 16.14,
      "timestamp": "2025-05-22T06:42:02.512Z"
    },
    {
      "symbol": "JIOFIN",
      "open": 274.45,
      "dayHigh": 277.35,
      "dayLow": 273.7,
      "lastPrice": 276,
      "previousClose": 274.35,
      "change": 1.65,
      "pChange": 0.6,
      "totalTradedVolume": 5110823,
      "totalTradedValue": 1409513875.17,
      "lastUpdateTime": "N/A",
      "yearHigh": 376,
      "yearLow": 198.65,
      "perChange365d": -23.31,
      "date365dAgo": "21-May-2024",
      "date30dAgo": "21-Apr-2025",
      "perChange30d": 11.35,
      "timestamp": "2025-05-22T06:42:02.512Z"
    },
    {
      "symbol": "BHARTIARTL",
      "open": 1819.9,
      "dayHigh": 1836.7,
      "dayLow": 1816.3,
      "lastPrice": 1832.3,
      "previousClose": 1822.5,
      "change": 9.8,
      "pChange": 0.54,
      "totalTradedVolume": 2798375,
      "totalTradedValue": 5118059972.5,
      "lastUpdateTime": "N/A",
      "yearHigh": 1917,
      "yearLow": 1219.05,
      "perChange365d": 35.57,
      "date365dAgo": "21-May-2024",
      "date30dAgo": "21-Apr-2025",
      "perChange30d": -3.23,
      "timestamp": "2025-05-22T06:42:02.512Z"
    },
    {
      "symbol": "JSWSTEEL",
      "open": 1002,
      "dayHigh": 1005.5,
      "dayLow": 987.9,
      "lastPrice": 1004.4,
      "previousClose": 1000.9,
      "change": 3.5,
      "pChange": 0.35,
      "totalTradedVolume": 561671,
      "totalTradedValue": 559255814.7,
      "lastUpdateTime": "N/A",
      "yearHigh": 1074.9,
      "yearLow": 823.8,
      "perChange365d": 8.39,
      "date365dAgo": "21-May-2024",
      "date30dAgo": "21-Apr-2025",
      "perChange30d": -3.2,
      "timestamp": "2025-05-22T06:42:02.512Z"
    },
    {
      "symbol": "BEL",
      "open": 383,
      "dayHigh": 386.75,
      "dayLow": 379,
      "lastPrice": 384.25,
      "previousClose": 383,
      "change": 1.25,
      "pChange": 0.33,
      "totalTradedVolume": 25219697,
      "totalTradedValue": 9659648344.94,
      "lastUpdateTime": "N/A",
      "yearHigh": 386.75,
      "yearLow": 230,
      "perChange365d": 39.7,
      "date365dAgo": "21-May-2024",
      "date30dAgo": "21-Apr-2025",
      "perChange30d": 27.69,
      "timestamp": "2025-05-22T06:42:02.512Z"
    },
    {
      "symbol": "DRREDDY",
      "open": 1224.7,
      "dayHigh": 1229.8,
      "dayLow": 1211.4,
      "lastPrice": 1227.9,
      "previousClose": 1224.7,
      "change": 3.2,
      "pChange": 0.26,
      "totalTradedVolume": 557756,
      "totalTradedValue": 680462320,
      "lastUpdateTime": "N/A",
      "yearHigh": 1421.49,
      "yearLow": 1020,
      "perChange365d": -78.81,
      "date365dAgo": "21-May-2024",
      "date30dAgo": "21-Apr-2025",
      "perChange30d": 4.02,
      "timestamp": "2025-05-22T06:42:02.512Z"
    },
    {
      "symbol": "INDUSINDBK",
      "open": 750,
      "dayHigh": 796.7,
      "dayLow": 725.8,
      "lastPrice": 770.7,
      "previousClose": 769.95,
      "change": 0.75,
      "pChange": 0.1,
      "totalTradedVolume": 33727279,
      "totalTradedValue": 26010814837.59,
      "lastUpdateTime": "N/A",
      "yearHigh": 1550,
      "yearLow": 606,
      "perChange365d": -45.26,
      "date365dAgo": "21-May-2024",
      "date30dAgo": "21-Apr-2025",
      "perChange30d": -7.03,
      "timestamp": "2025-05-22T06:42:02.512Z"
    },
    {
      "symbol": "HDFCLIFE",
      "open": 759.7,
      "dayHigh": 762.05,
      "dayLow": 752.2,
      "lastPrice": 757.65,
      "previousClose": 759.7,
      "change": -2.05,
      "pChange": -0.27,
      "totalTradedVolume": 839407,
      "totalTradedValue": 634700814.91,
      "lastUpdateTime": "N/A",
      "yearHigh": 762.05,
      "yearLow": 511.4,
      "perChange365d": 34.32,
      "date365dAgo": "21-May-2024",
      "date30dAgo": "21-Apr-2025",
      "perChange30d": 6.67,
      "timestamp": "2025-05-22T06:42:02.512Z"
    },
    {
      "symbol": "ADANIENT",
      "open": 2500.4,
      "dayHigh": 2521.9,
      "dayLow": 2488,
      "lastPrice": 2493.3,
      "previousClose": 2500.4,
      "change": -7.1,
      "pChange": -0.28,
      "totalTradedVolume": 358352,
      "totalTradedValue": 898811319.36,
      "lastUpdateTime": "N/A",
      "yearHigh": 3743.9,
      "yearLow": 2025,
      "perChange365d": -19.79,
      "date365dAgo": "21-May-2024",
      "date30dAgo": "21-Apr-2025",
      "perChange30d": 2.36,
      "timestamp": "2025-05-22T06:42:02.512Z"
    },
    {
      "symbol": "CIPLA",
      "open": 1483,
      "dayHigh": 1489.7,
      "dayLow": 1462.8,
      "lastPrice": 1477.9,
      "previousClose": 1482.4,
      "change": -4.5,
      "pChange": -0.3,
      "totalTradedVolume": 766766,
      "totalTradedValue": 1129108940.96,
      "lastUpdateTime": "N/A",
      "yearHigh": 1702.05,
      "yearLow": 1335,
      "perChange365d": 2.78,
      "date365dAgo": "21-May-2024",
      "date30dAgo": "21-Apr-2025",
      "perChange30d": -1.9,
      "timestamp": "2025-05-22T06:42:02.512Z"
    },
    {
      "symbol": "SBIN",
      "open": 788,
      "dayHigh": 788.2,
      "dayLow": 783.1,
      "lastPrice": 784.5,
      "previousClose": 787.1,
      "change": -2.6,
      "pChange": -0.33,
      "totalTradedVolume": 2874334,
      "totalTradedValue": 2258048047.06,
      "lastUpdateTime": "N/A",
      "yearHigh": 912,
      "yearLow": 680,
      "perChange365d": -5.24,
      "date365dAgo": "21-May-2024",
      "date30dAgo": "21-Apr-2025",
      "perChange30d": -3.62,
      "timestamp": "2025-05-22T06:42:02.512Z"
    },
    {
      "symbol": "ETERNAL",
      "open": 228.97,
      "dayHigh": 230.88,
      "dayLow": 227.56,
      "lastPrice": 228.76,
      "previousClose": 229.97,
      "change": -1.21,
      "pChange": -0.53,
      "totalTradedVolume": 12962801,
      "totalTradedValue": 2970036965.12,
      "lastUpdateTime": "N/A",
      "yearHigh": 304.7,
      "yearLow": 146.3,
      "perChange365d": null,
      "date365dAgo": "-",
      "date30dAgo": "-",
      "perChange30d": null,
      "timestamp": "2025-05-22T06:42:02.512Z"
    },
    {
      "symbol": "HEROMOTOCO",
      "open": 4250,
      "dayHigh": 4259.9,
      "dayLow": 4202.9,
      "lastPrice": 4240.9,
      "previousClose": 4263.8,
      "change": -22.9,
      "pChange": -0.54,
      "totalTradedVolume": 151241,
      "totalTradedValue": 639648098.53,
      "lastUpdateTime": "N/A",
      "yearHigh": 6246.25,
      "yearLow": 3344,
      "perChange365d": -15.63,
      "date365dAgo": "21-May-2024",
      "date30dAgo": "21-Apr-2025",
      "perChange30d": 8.85,
      "timestamp": "2025-05-22T06:42:02.512Z"
    },
    {
      "symbol": "APOLLOHOSP",
      "open": 6984,
      "dayHigh": 7001,
      "dayLow": 6915,
      "lastPrice": 6945,
      "previousClose": 6984,
      "change": -39,
      "pChange": -0.56,
      "totalTradedVolume": 95128,
      "totalTradedValue": 660311986.4,
      "lastUpdateTime": "N/A",
      "yearHigh": 7545.35,
      "yearLow": 5693.2,
      "perChange365d": 17.41,
      "date365dAgo": "21-May-2024",
      "date30dAgo": "21-Apr-2025",
      "perChange30d": -2.22,
      "timestamp": "2025-05-22T06:42:02.512Z"
    },
    {
      "symbol": "ULTRACEMCO",
      "open": 11666,
      "dayHigh": 11672,
      "dayLow": 11517,
      "lastPrice": 11601,
      "previousClose": 11666,
      "change": -65,
      "pChange": -0.56,
      "totalTradedVolume": 51912,
      "totalTradedValue": 601116561.36,
      "lastUpdateTime": "N/A",
      "yearHigh": 12339,
      "yearLow": 9534.95,
      "perChange365d": 19.17,
      "date365dAgo": "21-May-2024",
      "date30dAgo": "21-Apr-2025",
      "perChange30d": -2.25,
      "timestamp": "2025-05-22T06:42:02.512Z"
    },
    {
      "symbol": "BAJFINANCE",
      "open": 9197.5,
      "dayHigh": 9199,
      "dayLow": 9130,
      "lastPrice": 9145,
      "previousClose": 9197.5,
      "change": -52.5,
      "pChange": -0.57,
      "totalTradedVolume": 264392,
      "totalTradedValue": 2420101596.32,
      "lastUpdateTime": "N/A",
      "yearHigh": 9660,
      "yearLow": 6375.7,
      "perChange365d": 36.4,
      "date365dAgo": "21-May-2024",
      "date30dAgo": "21-Apr-2025",
      "perChange30d": -0.82,
      "timestamp": "2025-05-22T06:42:02.512Z"
    },
    {
      "symbol": "TITAN",
      "open": 3565,
      "dayHigh": 3575,
      "dayLow": 3527.1,
      "lastPrice": 3560,
      "previousClose": 3580.5,
      "change": -20.5,
      "pChange": -0.57,
      "totalTradedVolume": 228973,
      "totalTradedValue": 811182647.1,
      "lastUpdateTime": "N/A",
      "yearHigh": 3867,
      "yearLow": 2925,
      "perChange365d": 6.03,
      "date365dAgo": "21-May-2024",
      "date30dAgo": "21-Apr-2025",
      "perChange30d": 7.33,
      "timestamp": "2025-05-22T06:42:02.512Z"
    },
    {
      "symbol": "HDFCBANK",
      "open": 1915.2,
      "dayHigh": 1922.5,
      "dayLow": 1905.2,
      "lastPrice": 1915,
      "previousClose": 1926.8,
      "change": -11.8,
      "pChange": -0.61,
      "totalTradedVolume": 4150106,
      "totalTradedValue": 7938903771.64,
      "lastUpdateTime": "N/A",
      "yearHigh": 1978.9,
      "yearLow": 1448.15,
      "perChange365d": 32.08,
      "date365dAgo": "21-May-2024",
      "date30dAgo": "21-Apr-2025",
      "perChange30d": -0.02,
      "timestamp": "2025-05-22T06:42:02.512Z"
    },
    {
      "symbol": "LT",
      "open": 3585,
      "dayHigh": 3592,
      "dayLow": 3550.5,
      "lastPrice": 3565.6,
      "previousClose": 3589,
      "change": -23.4,
      "pChange": -0.65,
      "totalTradedVolume": 477851,
      "totalTradedValue": 1702559220.45,
      "lastUpdateTime": "N/A",
      "yearHigh": 3963.5,
      "yearLow": 2965.3,
      "perChange365d": 4.3,
      "date365dAgo": "21-May-2024",
      "date30dAgo": "21-Apr-2025",
      "perChange30d": 9.4,
      "timestamp": "2025-05-22T06:42:02.512Z"
    },
    {
      "symbol": "ASIANPAINT",
      "open": 2309.2,
      "dayHigh": 2310,
      "dayLow": 2289,
      "lastPrice": 2295.4,
      "previousClose": 2312.4,
      "change": -17,
      "pChange": -0.74,
      "totalTradedVolume": 274071,
      "totalTradedValue": 629672641.08,
      "lastUpdateTime": "N/A",
      "yearHigh": 3394.9,
      "yearLow": 2124.75,
      "perChange365d": -18.91,
      "date365dAgo": "21-May-2024",
      "date30dAgo": "21-Apr-2025",
      "perChange30d": -5.42,
      "timestamp": "2025-05-22T06:42:02.512Z"
    },
    {
      "symbol": "KOTAKBANK",
      "open": 2074,
      "dayHigh": 2074,
      "dayLow": 2052.1,
      "lastPrice": 2055.7,
      "previousClose": 2071.3,
      "change": -15.6,
      "pChange": -0.75,
      "totalTradedVolume": 1139127,
      "totalTradedValue": 2344904320.77,
      "lastUpdateTime": "N/A",
      "yearHigh": 2301.9,
      "yearLow": 1602.45,
      "perChange365d": 21.97,
      "date365dAgo": "21-May-2024",
      "date30dAgo": "21-Apr-2025",
      "perChange30d": -7.59,
      "timestamp": "2025-05-22T06:42:02.512Z"
    },
    {
      "symbol": "SUNPHARMA",
      "open": 1734.2,
      "dayHigh": 1740,
      "dayLow": 1709,
      "lastPrice": 1718.8,
      "previousClose": 1731.8,
      "change": -13,
      "pChange": -0.75,
      "totalTradedVolume": 869048,
      "totalTradedValue": 1493415535.6,
      "lastUpdateTime": "N/A",
      "yearHigh": 1960.35,
      "yearLow": 1377.2,
      "perChange365d": 12.39,
      "date365dAgo": "21-May-2024",
      "date30dAgo": "21-Apr-2025",
      "perChange30d": -0.75,
      "timestamp": "2025-05-22T06:42:02.512Z"
    },
    {
      "symbol": "EICHERMOT",
      "open": 5382,
      "dayHigh": 5396,
      "dayLow": 5320,
      "lastPrice": 5361.5,
      "previousClose": 5409,
      "change": -47.5,
      "pChange": -0.88,
      "totalTradedVolume": 211496,
      "totalTradedValue": 1130219819.28,
      "lastUpdateTime": "N/A",
      "yearHigh": 5906.5,
      "yearLow": 4253.85,
      "perChange365d": 15.75,
      "date365dAgo": "21-May-2024",
      "date30dAgo": "21-Apr-2025",
      "perChange30d": -6.91,
      "timestamp": "2025-05-22T06:42:02.512Z"
    },
    {
      "symbol": "NTPC",
      "open": 346.15,
      "dayHigh": 347,
      "dayLow": 341.55,
      "lastPrice": 343.05,
      "previousClose": 346.15,
      "change": -3.1,
      "pChange": -0.9,
      "totalTradedVolume": 2037749,
      "totalTradedValue": 699926026.52,
      "lastUpdateTime": "N/A",
      "yearHigh": 448.45,
      "yearLow": 292.8,
      "perChange365d": -6.95,
      "date365dAgo": "21-May-2024",
      "date30dAgo": "21-Apr-2025",
      "perChange30d": -5.05,
      "timestamp": "2025-05-22T06:42:02.512Z"
    },
    {
      "symbol": "SBILIFE",
      "open": 1766.3,
      "dayHigh": 1767,
      "dayLow": 1741.6,
      "lastPrice": 1747.7,
      "previousClose": 1763.9,
      "change": -16.2,
      "pChange": -0.92,
      "totalTradedVolume": 412769,
      "totalTradedValue": 722267323.89,
      "lastUpdateTime": "N/A",
      "yearHigh": 1936,
      "yearLow": 1307.7,
      "perChange365d": 23.38,
      "date365dAgo": "21-May-2024",
      "date30dAgo": "21-Apr-2025",
      "perChange30d": 8.31,
      "timestamp": "2025-05-22T06:42:02.512Z"
    },
    {
      "symbol": "BAJAJ-AUTO",
      "open": 8660,
      "dayHigh": 8667.5,
      "dayLow": 8512.5,
      "lastPrice": 8603,
      "previousClose": 8687.5,
      "change": -84.5,
      "pChange": -0.97,
      "totalTradedVolume": 193833,
      "totalTradedValue": 1659344224.77,
      "lastUpdateTime": "N/A",
      "yearHigh": 12774,
      "yearLow": 7089.35,
      "perChange365d": -1.51,
      "date365dAgo": "21-May-2024",
      "date30dAgo": "21-Apr-2025",
      "perChange30d": 5.33,
      "timestamp": "2025-05-22T06:42:02.512Z"
    },
    {
      "symbol": "GRASIM",
      "open": 2700,
      "dayHigh": 2702.3,
      "dayLow": 2662,
      "lastPrice": 2680.1,
      "previousClose": 2706.9,
      "change": -26.8,
      "pChange": -0.99,
      "totalTradedVolume": 150532,
      "totalTradedValue": 402966637.4,
      "lastUpdateTime": "N/A",
      "yearHigh": 2877.75,
      "yearLow": 2171.6,
      "perChange365d": 10.64,
      "date365dAgo": "21-May-2024",
      "date30dAgo": "21-Apr-2025",
      "perChange30d": -1.81,
      "timestamp": "2025-05-22T06:42:02.512Z"
    },
    {
      "symbol": "HINDALCO",
      "open": 663,
      "dayHigh": 663.7,
      "dayLow": 651.55,
      "lastPrice": 656.1,
      "previousClose": 663,
      "change": -6.9,
      "pChange": -1.04,
      "totalTradedVolume": 1834868,
      "totalTradedValue": 1202627533.24,
      "lastUpdateTime": "N/A",
      "yearHigh": 772.65,
      "yearLow": 546.45,
      "perChange365d": -4.41,
      "date365dAgo": "21-May-2024",
      "date30dAgo": "21-Apr-2025",
      "perChange30d": 6.59,
      "timestamp": "2025-05-22T06:42:02.512Z"
    },
    {
      "symbol": "TATACONSUM",
      "open": 1138.8,
      "dayHigh": 1138.8,
      "dayLow": 1123.1,
      "lastPrice": 1126.6,
      "previousClose": 1138.8,
      "change": -12.2,
      "pChange": -1.07,
      "totalTradedVolume": 370179,
      "totalTradedValue": 417932091,
      "lastUpdateTime": "N/A",
      "yearHigh": 1250.1,
      "yearLow": 882.9,
      "perChange365d": 4.1,
      "date365dAgo": "21-May-2024",
      "date30dAgo": "21-Apr-2025",
      "perChange30d": 1.59,
      "timestamp": "2025-05-22T06:42:02.512Z"
    },
    {
      "symbol": "ICICIBANK",
      "open": 1441.1,
      "dayHigh": 1445.3,
      "dayLow": 1429,
      "lastPrice": 1429,
      "previousClose": 1444.7,
      "change": -15.7,
      "pChange": -1.09,
      "totalTradedVolume": 2651946,
      "totalTradedValue": 3805569029.46,
      "lastUpdateTime": "N/A",
      "yearHigh": 1459.7,
      "yearLow": 1051.05,
      "perChange365d": 28.88,
      "date365dAgo": "21-May-2024",
      "date30dAgo": "21-Apr-2025",
      "perChange30d": 2.48,
      "timestamp": "2025-05-22T06:42:02.512Z"
    },
    {
      "symbol": "TRENT",
      "open": 5441,
      "dayHigh": 5449,
      "dayLow": 5331,
      "lastPrice": 5384,
      "previousClose": 5443.5,
      "change": -59.5,
      "pChange": -1.09,
      "totalTradedVolume": 349642,
      "totalTradedValue": 1874234962.48,
      "lastUpdateTime": "N/A",
      "yearHigh": 8345,
      "yearLow": 4196,
      "perChange365d": 16.63,
      "date365dAgo": "21-May-2024",
      "date30dAgo": "21-Apr-2025",
      "perChange30d": 1.56,
      "timestamp": "2025-05-22T06:42:02.512Z"
    },
    {
      "symbol": "SHRIRAMFIN",
      "open": 652,
      "dayHigh": 654.7,
      "dayLow": 645.3,
      "lastPrice": 650.7,
      "previousClose": 658,
      "change": -7.3,
      "pChange": -1.11,
      "totalTradedVolume": 2367371,
      "totalTradedValue": 1538696455.16,
      "lastUpdateTime": "N/A",
      "yearHigh": 730.45,
      "yearLow": 438.6,
      "perChange365d": -72.27,
      "date365dAgo": "21-May-2024",
      "date30dAgo": "21-Apr-2025",
      "perChange30d": -6.4,
      "timestamp": "2025-05-22T06:42:02.512Z"
    },
    {
      "symbol": "MARUTI",
      "open": 12611,
      "dayHigh": 12611,
      "dayLow": 12422,
      "lastPrice": 12474,
      "previousClose": 12615,
      "change": -141,
      "pChange": -1.12,
      "totalTradedVolume": 165379,
      "totalTradedValue": 2062919454.31,
      "lastUpdateTime": "N/A",
      "yearHigh": 13680,
      "yearLow": 10725,
      "perChange365d": 1.14,
      "date365dAgo": "21-May-2024",
      "date30dAgo": "21-Apr-2025",
      "perChange30d": 7.41,
      "timestamp": "2025-05-22T06:42:02.512Z"
    },
    {
      "symbol": "ONGC",
      "open": 248.68,
      "dayHigh": 250.48,
      "dayLow": 244.2,
      "lastPrice": 245.9,
      "previousClose": 248.68,
      "change": -2.78,
      "pChange": -1.12,
      "totalTradedVolume": 6136676,
      "totalTradedValue": 1511831499.36,
      "lastUpdateTime": "N/A",
      "yearHigh": 345,
      "yearLow": 205,
      "perChange365d": -11.22,
      "date365dAgo": "21-May-2024",
      "date30dAgo": "21-Apr-2025",
      "perChange30d": -0.44,
      "timestamp": "2025-05-22T06:42:02.512Z"
    },
    {
      "symbol": "NESTLEIND",
      "open": 2385,
      "dayHigh": 2385,
      "dayLow": 2346,
      "lastPrice": 2365.7,
      "previousClose": 2392.6,
      "change": -26.9,
      "pChange": -1.12,
      "totalTradedVolume": 290898,
      "totalTradedValue": 686277834.66,
      "lastUpdateTime": "N/A",
      "yearHigh": 2778,
      "yearLow": 2110,
      "perChange365d": -2.77,
      "date365dAgo": "21-May-2024",
      "date30dAgo": "21-Apr-2025",
      "perChange30d": -0.28,
      "timestamp": "2025-05-22T06:42:02.512Z"
    },
    {
      "symbol": "INFY",
      "open": 1555.5,
      "dayHigh": 1560.8,
      "dayLow": 1543.7,
      "lastPrice": 1550.6,
      "previousClose": 1568.5,
      "change": -17.9,
      "pChange": -1.14,
      "totalTradedVolume": 2200687,
      "totalTradedValue": 3415312175.91,
      "lastUpdateTime": "N/A",
      "yearHigh": 2006.45,
      "yearLow": 1307,
      "perChange365d": 9.37,
      "date365dAgo": "21-May-2024",
      "date30dAgo": "21-Apr-2025",
      "perChange30d": 8.1,
      "timestamp": "2025-05-22T06:42:02.512Z"
    },
    {
      "symbol": "HINDUNILVR",
      "open": 2355,
      "dayHigh": 2363.1,
      "dayLow": 2318,
      "lastPrice": 2335.9,
      "previousClose": 2363.9,
      "change": -28,
      "pChange": -1.18,
      "totalTradedVolume": 919668,
      "totalTradedValue": 2145245166.84,
      "lastUpdateTime": "N/A",
      "yearHigh": 3035,
      "yearLow": 2136,
      "perChange365d": 2.3,
      "date365dAgo": "21-May-2024",
      "date30dAgo": "21-Apr-2025",
      "perChange30d": 0.55,
      "timestamp": "2025-05-22T06:42:02.512Z"
    },
    {
      "symbol": "ADANIPORTS",
      "open": 1380.1,
      "dayHigh": 1408,
      "dayLow": 1365,
      "lastPrice": 1367.6,
      "previousClose": 1384.6,
      "change": -17,
      "pChange": -1.23,
      "totalTradedVolume": 1879798,
      "totalTradedValue": 2611941725.04,
      "lastUpdateTime": "N/A",
      "yearHigh": 1621.4,
      "yearLow": 995.65,
      "perChange365d": -0.06,
      "date365dAgo": "21-May-2024",
      "date30dAgo": "21-Apr-2025",
      "perChange30d": 11.38,
      "timestamp": "2025-05-22T06:42:02.512Z"
    },
    {
      "symbol": "HCLTECH",
      "open": 1638.4,
      "dayHigh": 1638.5,
      "dayLow": 1614,
      "lastPrice": 1630,
      "previousClose": 1652,
      "change": -22,
      "pChange": -1.33,
      "totalTradedVolume": 885069,
      "totalTradedValue": 1438369885.35,
      "lastUpdateTime": "N/A",
      "yearHigh": 2012.2,
      "yearLow": 1235,
      "perChange365d": 23.11,
      "date365dAgo": "21-May-2024",
      "date30dAgo": "21-Apr-2025",
      "perChange30d": 11.47,
      "timestamp": "2025-05-22T06:42:02.512Z"
    },
    {
      "symbol": "AXISBANK",
      "open": 1196.7,
      "dayHigh": 1196.7,
      "dayLow": 1179,
      "lastPrice": 1181.3,
      "previousClose": 1197.8,
      "change": -16.5,
      "pChange": -1.38,
      "totalTradedVolume": 1518764,
      "totalTradedValue": 1799674589.44,
      "lastUpdateTime": "N/A",
      "yearHigh": 1339.65,
      "yearLow": 933.5,
      "perChange365d": 5.29,
      "date365dAgo": "21-May-2024",
      "date30dAgo": "21-Apr-2025",
      "perChange30d": -2.06,
      "timestamp": "2025-05-22T06:42:02.512Z"
    },
    {
      "symbol": "COALINDIA",
      "open": 405,
      "dayHigh": 406.65,
      "dayLow": 398.35,
      "lastPrice": 399.55,
      "previousClose": 405.35,
      "change": -5.8,
      "pChange": -1.43,
      "totalTradedVolume": 2377735,
      "totalTradedValue": 953638176.45,
      "lastUpdateTime": "N/A",
      "yearHigh": 543.55,
      "yearLow": 349.25,
      "perChange365d": -17.39,
      "date365dAgo": "21-May-2024",
      "date30dAgo": "21-Apr-2025",
      "perChange30d": 1.21,
      "timestamp": "2025-05-22T06:42:02.512Z"
    },
    {
      "symbol": "TCS",
      "open": 3495,
      "dayHigh": 3497.8,
      "dayLow": 3470,
      "lastPrice": 3475.1,
      "previousClose": 3525.8,
      "change": -50.7,
      "pChange": -1.44,
      "totalTradedVolume": 679208,
      "totalTradedValue": 2365627127.36,
      "lastUpdateTime": "N/A",
      "yearHigh": 4592.25,
      "yearLow": 3056.05,
      "perChange365d": -7.71,
      "date365dAgo": "21-May-2024",
      "date30dAgo": "21-Apr-2025",
      "perChange30d": 6.15,
      "timestamp": "2025-05-22T06:42:02.512Z"
    },
    {
      "symbol": "TATAMOTORS",
      "open": 725,
      "dayHigh": 725,
      "dayLow": 710.65,
      "lastPrice": 716,
      "previousClose": 726.8,
      "change": -10.8,
      "pChange": -1.49,
      "totalTradedVolume": 5262194,
      "totalTradedValue": 3773782427.1,
      "lastUpdateTime": "N/A",
      "yearHigh": 1179,
      "yearLow": 535.75,
      "perChange365d": -23.6,
      "date365dAgo": "21-May-2024",
      "date30dAgo": "21-Apr-2025",
      "perChange30d": 15.36,
      "timestamp": "2025-05-22T06:42:02.512Z"
    },
    {
      "symbol": "RELIANCE",
      "open": 1421.2,
      "dayHigh": 1423.8,
      "dayLow": 1403.7,
      "lastPrice": 1406.9,
      "previousClose": 1429.2,
      "change": -22.3,
      "pChange": -1.56,
      "totalTradedVolume": 4785533,
      "totalTradedValue": 6745783027.46,
      "lastUpdateTime": "N/A",
      "yearHigh": 1608.8,
      "yearLow": 1114.85,
      "perChange365d": -50.24,
      "date365dAgo": "21-May-2024",
      "date30dAgo": "21-Apr-2025",
      "perChange30d": 10.32,
      "timestamp": "2025-05-22T06:42:02.512Z"
    },
    {
      "symbol": "BAJAJFINSV",
      "open": 2037.3,
      "dayHigh": 2041.8,
      "dayLow": 1997,
      "lastPrice": 2004.2,
      "previousClose": 2037.3,
      "change": -33.1,
      "pChange": -1.62,
      "totalTradedVolume": 442065,
      "totalTradedValue": 888586015.2,
      "lastUpdateTime": "N/A",
      "yearHigh": 2135,
      "yearLow": 1419.05,
      "perChange365d": 28.74,
      "date365dAgo": "21-May-2024",
      "date30dAgo": "21-Apr-2025",
      "perChange30d": -3.15,
      "timestamp": "2025-05-22T06:42:02.512Z"
    },
    {
      "symbol": "WIPRO",
      "open": 249,
      "dayHigh": 249.89,
      "dayLow": 246.75,
      "lastPrice": 246.83,
      "previousClose": 250.92,
      "change": -4.09,
      "pChange": -1.63,
      "totalTradedVolume": 3887701,
      "totalTradedValue": 963216799.76,
      "lastUpdateTime": "N/A",
      "yearHigh": 324.6,
      "yearLow": 208.5,
      "perChange365d": -45.56,
      "date365dAgo": "21-May-2024",
      "date30dAgo": "21-Apr-2025",
      "perChange30d": 5.23,
      "timestamp": "2025-05-22T06:42:02.512Z"
    },
    {
      "symbol": "TECHM",
      "open": 1589.7,
      "dayHigh": 1589.7,
      "dayLow": 1558,
      "lastPrice": 1568.6,
      "previousClose": 1598.2,
      "change": -29.6,
      "pChange": -1.85,
      "totalTradedVolume": 754778,
      "totalTradedValue": 1184669357.68,
      "lastUpdateTime": "N/A",
      "yearHigh": 1807.7,
      "yearLow": 1193.65,
      "perChange365d": 20.72,
      "date365dAgo": "21-May-2024",
      "date30dAgo": "21-Apr-2025",
      "perChange30d": 16.36,
      "timestamp": "2025-05-22T06:42:02.512Z"
    },
    {
      "symbol": "ITC",
      "open": 433,
      "dayHigh": 433,
      "dayLow": 424.25,
      "lastPrice": 424.45,
      "previousClose": 433,
      "change": -8.55,
      "pChange": -1.97,
      "totalTradedVolume": 7274135,
      "totalTradedValue": 3100090854.3,
      "lastUpdateTime": "N/A",
      "yearHigh": 528.5,
      "yearLow": 390.15,
      "perChange365d": -0.41,
      "date365dAgo": "21-May-2024",
      "date30dAgo": "21-Apr-2025",
      "perChange30d": 2.4,
      "timestamp": "2025-05-22T06:42:02.512Z"
    },
    {
      "symbol": "POWERGRID",
      "open": 295.9,
      "dayHigh": 296.35,
      "dayLow": 286.6,
      "lastPrice": 289.05,
      "previousClose": 296.15,
      "change": -7.1,
      "pChange": -2.4,
      "totalTradedVolume": 13043419,
      "totalTradedValue": 3774895892.79,
      "lastUpdateTime": "N/A",
      "yearHigh": 366.25,
      "yearLow": 247.3,
      "perChange365d": -9.06,
      "date365dAgo": "21-May-2024",
      "date30dAgo": "21-Apr-2025",
      "perChange30d": -7.45,
      "timestamp": "2025-05-22T06:42:02.512Z"
    },
    {
      "symbol": "M&M",
      "open": 3076.6,
      "dayHigh": 3089.8,
      "dayLow": 3002.2,
      "lastPrice": 3005,
      "previousClose": 3090.7,
      "change": -85.7,
      "pChange": -2.77,
      "totalTradedVolume": 1245466,
      "totalTradedValue": 3771682051.78,
      "lastUpdateTime": "N/A",
      "yearHigh": 3270.95,
      "yearLow": 2425,
      "perChange365d": 22.52,
      "date365dAgo": "21-May-2024",
      "date30dAgo": "21-Apr-2025",
      "perChange30d": 11.82,
      "timestamp": "2025-05-22T06:42:02.512Z"
    }
  ]
}